<?xml version="1.0" encoding="UTF-8"?>
<objects serializationModel="Studio.02.02.00">
	<object class="MixerGroup" id="{fa872a30-27e5-4418-aea7-a9e8245a4a74}">
		<property name="name">
			<value>sfx_wall</value>
		</property>
		<relationship name="effectChain">
			<destination>{d2be1bb0-4ae4-4f1e-a4c9-2408c22f7237}</destination>
		</relationship>
		<relationship name="panner">
			<destination>{3cb2b043-2881-48ec-afca-6cbb3e2b2124}</destination>
		</relationship>
		<relationship name="output">
			<destination>{9d7ff1f2-8fc9-470a-9924-0998439ad419}</destination>
		</relationship>
	</object>
	<object class="MixerBusEffectChain" id="{d2be1bb0-4ae4-4f1e-a4c9-2408c22f7237}">
		<relationship name="effects">
			<destination>{5257ce3c-fa4f-4db1-9efb-3a89f4727122}</destination>
			<destination>{fd459c97-3c0b-4a5b-beee-99e1e39fbe21}</destination>
		</relationship>
	</object>
	<object class="MixerBusPanner" id="{3cb2b043-2881-48ec-afca-6cbb3e2b2124}" />
	<object class="MixerBusFader" id="{5257ce3c-fa4f-4db1-9efb-3a89f4727122}" />
	<object class="MixerSend" id="{fd459c97-3c0b-4a5b-beee-99e1e39fbe21}">
		<property name="level">
			<value>-3</value>
		</property>
		<property name="inputFormat">
			<value>0</value>
		</property>
		<relationship name="mixerReturn">
			<destination>{9a2dd36e-e75f-4508-9f17-4216996d8869}</destination>
		</relationship>
	</object>
</objects>
