<?xml version="1.0" encoding="UTF-8"?>
<objects serializationModel="Studio.02.02.00">
	<object class="ParameterPreset" id="{3f73dbbc-79d7-43c4-85f0-57e8a32ea5c9}">
		<property name="name">
			<value>Areas</value>
		</property>
		<relationship name="folder">
			<destination>{baad7a71-f567-4759-bdef-022dfe33f9d2}</destination>
		</relationship>
		<relationship name="parameter">
			<destination>{3b0ca950-b0cb-4e0b-8be2-4bbb7856e22d}</destination>
		</relationship>
	</object>
	<object class="GameParameter" id="{3b0ca950-b0cb-4e0b-8be2-4bbb7856e22d}">
		<property name="maximum">
			<value>2</value>
		</property>
		<property name="isGlobal">
			<value>true</value>
		</property>
		<property name="initialValue">
			<value>0</value>
		</property>
		<property name="isExposedRecursively">
			<value>false</value>
		</property>
	</object>
</objects>
