<?xml version="1.0" encoding="UTF-8"?>
<objects serializationModel="Studio.02.02.00">
	<object class="Event" id="{86ddbb13-cf0a-4612-9e31-d412aff472fb}">
		<property name="name">
			<value>boss_yelling</value>
		</property>
		<property name="outputFormat">
			<value>2</value>
		</property>
		<relationship name="folder">
			<destination>{ebb572a6-202c-49c0-b708-2acc2e931791}</destination>
		</relationship>
		<relationship name="mixer">
			<destination>{116fd700-8daa-45b6-a661-c054e7042074}</destination>
		</relationship>
		<relationship name="masterTrack">
			<destination>{0a146417-f8e9-48ef-b767-4593b7e676af}</destination>
		</relationship>
		<relationship name="mixerInput">
			<destination>{34c69f11-652e-43ec-a70e-b1f587cc16f8}</destination>
		</relationship>
		<relationship name="automatableProperties">
			<destination>{359cdc17-09fc-4898-80f8-fba9da2563b6}</destination>
		</relationship>
		<relationship name="markerTracks">
			<destination>{217c03b6-c94b-4d84-bf8d-9f427bd213f5}</destination>
		</relationship>
		<relationship name="groupTracks">
			<destination>{672821e0-5d68-4bf9-b381-aabd6342bdfb}</destination>
		</relationship>
		<relationship name="timeline">
			<destination>{71ba3010-4477-4e50-a527-ad9dab33456c}</destination>
		</relationship>
		<relationship name="banks">
			<destination>{38cbe485-15ec-4f0f-8aa4-57410b1b7d18}</destination>
		</relationship>
	</object>
	<object class="EventMixer" id="{116fd700-8daa-45b6-a661-c054e7042074}">
		<relationship name="masterBus">
			<destination>{1c1a13bb-3ec0-4caa-add8-717b8b04e613}</destination>
		</relationship>
	</object>
	<object class="MasterTrack" id="{0a146417-f8e9-48ef-b767-4593b7e676af}">
		<relationship name="mixerGroup">
			<destination>{1c1a13bb-3ec0-4caa-add8-717b8b04e613}</destination>
		</relationship>
	</object>
	<object class="MixerInput" id="{34c69f11-652e-43ec-a70e-b1f587cc16f8}">
		<relationship name="effectChain">
			<destination>{c1ee9d58-3a67-44e8-88d3-b5d865d27279}</destination>
		</relationship>
		<relationship name="panner">
			<destination>{b3695a16-fe5a-4a3b-9e51-3b817b535d83}</destination>
		</relationship>
		<relationship name="output">
			<destination>{8c5fcc5f-6796-4f7f-b057-a67549a449af}</destination>
		</relationship>
	</object>
	<object class="EventAutomatableProperties" id="{359cdc17-09fc-4898-80f8-fba9da2563b6}" />
	<object class="MarkerTrack" id="{217c03b6-c94b-4d84-bf8d-9f427bd213f5}" />
	<object class="GroupTrack" id="{672821e0-5d68-4bf9-b381-aabd6342bdfb}">
		<relationship name="mixerGroup">
			<destination>{7f640794-e2e7-4bae-b35a-178c625fe129}</destination>
		</relationship>
	</object>
	<object class="Timeline" id="{71ba3010-4477-4e50-a527-ad9dab33456c}" />
	<object class="EventMixerMaster" id="{1c1a13bb-3ec0-4caa-add8-717b8b04e613}">
		<relationship name="effectChain">
			<destination>{00c3c33c-dabe-4c0e-bc1f-0a39c093441d}</destination>
		</relationship>
		<relationship name="panner">
			<destination>{69131f7e-1820-457e-bf5b-1a5524e788df}</destination>
		</relationship>
		<relationship name="mixer">
			<destination>{116fd700-8daa-45b6-a661-c054e7042074}</destination>
		</relationship>
	</object>
	<object class="MixerBusEffectChain" id="{c1ee9d58-3a67-44e8-88d3-b5d865d27279}">
		<relationship name="effects">
			<destination>{7dfbb9d8-46af-4bb2-aebf-8c7f629467de}</destination>
		</relationship>
	</object>
	<object class="MixerBusPanner" id="{b3695a16-fe5a-4a3b-9e51-3b817b535d83}" />
	<object class="EventMixerGroup" id="{7f640794-e2e7-4bae-b35a-178c625fe129}">
		<property name="name">
			<value>Audio 1</value>
		</property>
		<relationship name="effectChain">
			<destination>{7163ab2d-62ff-43ca-a37f-96f68db7b554}</destination>
		</relationship>
		<relationship name="panner">
			<destination>{1ed9eb1a-4ae5-40f9-a31b-d723b16e8ab4}</destination>
		</relationship>
		<relationship name="output">
			<destination>{1c1a13bb-3ec0-4caa-add8-717b8b04e613}</destination>
		</relationship>
	</object>
	<object class="MixerBusEffectChain" id="{00c3c33c-dabe-4c0e-bc1f-0a39c093441d}">
		<relationship name="effects">
			<destination>{a8a0c45f-83a7-459d-a985-977bd4c261ee}</destination>
			<destination>{2bd82aee-3148-47ad-ab46-0e6cddf10479}</destination>
		</relationship>
	</object>
	<object class="MixerBusPanner" id="{69131f7e-1820-457e-bf5b-1a5524e788df}" />
	<object class="MixerBusFader" id="{7dfbb9d8-46af-4bb2-aebf-8c7f629467de}" />
	<object class="MixerBusEffectChain" id="{7163ab2d-62ff-43ca-a37f-96f68db7b554}">
		<relationship name="effects">
			<destination>{5a7f1df6-e012-4ceb-aff8-cdee9895fd4f}</destination>
		</relationship>
	</object>
	<object class="MixerBusPanner" id="{1ed9eb1a-4ae5-40f9-a31b-d723b16e8ab4}" />
	<object class="MixerBusFader" id="{a8a0c45f-83a7-459d-a985-977bd4c261ee}" />
	<object class="SpatialiserEffect" id="{2bd82aee-3148-47ad-ab46-0e6cddf10479}" />
	<object class="MixerBusFader" id="{5a7f1df6-e012-4ceb-aff8-cdee9895fd4f}" />
</objects>
