<?xml version="1.0" encoding="UTF-8"?>
<objects serializationModel="Studio.02.02.00">
	<object class="AudioFile" id="{20d82cb9-4da8-41b1-81dd-5223ce9afe5d}">
		<property name="assetPath">
			<value>trash_movement_long.ogg</value>
		</property>
		<property name="isStreaming">
			<value>true</value>
		</property>
		<property name="frequencyInKHz">
			<value>44.0999985</value>
		</property>
		<property name="channelCount">
			<value>2</value>
		</property>
		<property name="length">
			<value>18.579410430839001</value>
		</property>
		<relationship name="masterAssetFolder">
			<destination>{2458dc13-5d6e-47df-b35f-7bab8bdb4952}</destination>
		</relationship>
	</object>
</objects>
