<?xml version="1.0" encoding="UTF-8"?>
<objects serializationModel="Studio.02.02.00">
	<object class="AudioFile" id="{749e7606-02dc-4fc7-b42f-19ad75c24892}">
		<property name="assetPath">
			<value>animals_elphant2.ogg</value>
		</property>
		<property name="frequencyInKHz">
			<value>44.0999985</value>
		</property>
		<property name="channelCount">
			<value>2</value>
		</property>
		<property name="length">
			<value>2.553106575963719</value>
		</property>
		<relationship name="masterAssetFolder">
			<destination>{2458dc13-5d6e-47df-b35f-7bab8bdb4952}</destination>
		</relationship>
	</object>
</objects>
