<?xml version="1.0" encoding="UTF-8"?>
<objects serializationModel="Studio.02.02.00">
	<object class="AudioFile" id="{f1af2b91-126b-4ceb-92c9-6745664e6a08}">
		<property name="assetPath">
			<value>trash_angry4.ogg</value>
		</property>
		<property name="frequencyInKHz">
			<value>44.0999985</value>
		</property>
		<property name="channelCount">
			<value>2</value>
		</property>
		<property name="length">
			<value>1.7953968253968253</value>
		</property>
		<relationship name="masterAssetFolder">
			<destination>{2458dc13-5d6e-47df-b35f-7bab8bdb4952}</destination>
		</relationship>
	</object>
</objects>
